id,firstname,lastname,email
101,Correy,McClimans,Correy.McClimans@yopmail.com
102,Marline,Tufts,Marline.Tufts@yopmail.com
103,Penelopa,Milde,Penelopa.Milde@yopmail.com
104,Kore,Constancy,Kore.Constancy@yopmail.com
105,Aimil,Linskey,Aimil.Linskey@yopmail.com
106,Lauryn,Brodench,Lauryn.Brodench@yopmail.com
107,Louella,Thomasina,Louella.Thomasina@yopmail.com
108,Miquela,Cherianne,Miquela.Cherianne@yopmail.com
109,Amalie,Dash,Amalie.Dash@yopmail.com
110,Melodie,Demitria,Melodie.Demitria@yopmail.com
